txn_id,date,account_id,type,amount,channel,status
TXN0000001,2025-08-14,ACC857168,withdrawal,6807.22,mobile,reversed
TXN0000002,2025-05-21,ACC211579,withdrawal,7616.46,mobile,completed
TXN0000003,2025-12-24,ACC899550,withdrawal,2294.71,atm,completed
TXN0000004,2026-05-01,ACC612340,deposit,8985.17,branch,completed
TXN0000005,2025-09-04,ACC972064,transfer,13181.13,mobile,completed
TXN0000006,2025-03-29,ACC182582,withdrawal,13170.45,branch,completed
TXN0000007,2026-07-14,ACC658582,deposit,14669.82,atm,completed
TXN0000008,2024-08-05,ACC653306,fee,13.22,phone,completed
TXN0000009,2024-10-12,ACC891952,withdrawal,13933.88,atm,completed
TXN0000010,2026-05-27,ACC559381,fee,49.09,phone,completed
TXN0000011,2025-02-02,ACC454508,withdrawal,3372.4,branch,completed
TXN0000012,2024-11-30,ACC107540,withdrawal,8827.63,branch,completed
TXN0000013,2025-10-08,ACC132938,deposit,3436.05,mobile,completed
TXN0000014,2025-02-06,ACC608993,withdrawal,4178.96,atm,completed
TXN0000015,2024-08-13,ACC526833,fee,36.0,atm,completed
TXN0000016,2024-10-07,ACC864491,fee,31.42,branch,completed
TXN0000017,2025-10-21,ACC863587,deposit,911.54,mobile,completed
TXN0000018,2025-06-17,ACC299448,deposit,3731.72,phone,completed
TXN0000019,2025-04-09,ACC179046,fee,35.23,online,completed
TXN0000020,2026-01-31,ACC666847,deposit,761.2,branch,failed
TXN0000021,2026-03-17,ACC609231,withdrawal,2496.75,online,completed
TXN0000022,2025-03-15,ACC102260,fee,13.18,online,completed
TXN0000023,2025-06-18,ACC865990,fee,52.55,phone,completed
TXN0000024,2025-10-28,ACC161324,fee,22.96,phone,completed
TXN0000025,2025-08-16,ACC159942,deposit,11220.26,branch,completed
TXN0000026,2024-10-12,ACC632496,withdrawal,855.55,branch,pending
TXN0000027,2025-05-10,ACC808011,deposit,8926.54,atm,completed
TXN0000028,2026-06-13,ACC141672,withdrawal,8684.84,phone,completed
TXN0000029,2025-10-05,ACC314181,transfer,14020.76,mobile,completed
TXN0000030,2024-12-09,ACC579434,fee,48.77,mobile,failed
TXN0000031,2025-01-28,ACC751332,deposit,142.21,phone,reversed
TXN0000032,2024-08-18,ACC630458,deposit,8065.67,mobile,completed
TXN0000033,2026-01-16,ACC356150,transfer,13213.26,mobile,completed
TXN0000034,2025-06-18,ACC741390,fee,53.06,phone,completed
TXN0000035,2024-07-16,ACC208618,transfer,13976.51,atm,completed
TXN0000036,2025-08-22,ACC262998,deposit,11136.89,mobile,completed
TXN0000037,2026-07-03,ACC313487,withdrawal,10764.89,mobile,completed
TXN0000038,2026-04-02,ACC987204,transfer,13580.28,branch,completed
TXN0000039,2025-09-06,ACC449759,fee,4.26,atm,completed
TXN0000040,2025-12-30,ACC563298,transfer,2425.83,phone,completed
TXN0000041,2026-01-24,ACC824586,deposit,1680.33,atm,completed
TXN0000042,2026-07-15,ACC255287,transfer,8738.69,online,completed
TXN0000043,2026-02-11,ACC934794,transfer,5471.36,branch,pending
TXN0000044,2026-02-07,ACC799330,withdrawal,10231.8,branch,completed
TXN0000045,2025-12-17,ACC348237,fee,56.46,atm,reversed
TXN0000046,2024-12-15,ACC125990,withdrawal,13221.54,atm,completed
TXN0000047,2025-04-23,ACC531712,transfer,11736.34,atm,completed
TXN0000048,2025-06-14,ACC140605,deposit,5739.67,online,completed
TXN0000049,2024-09-07,ACC338651,fee,61.72,atm,completed
TXN0000050,2025-12-12,ACC392136,withdrawal,5978.49,branch,failed
TXN0000051,2026-06-30,ACC634150,transfer,5268.81,online,completed
TXN0000052,2025-03-28,ACC220944,transfer,14088.71,mobile,completed
TXN0000053,2025-11-11,ACC725550,transfer,576.26,online,completed
TXN0000054,2025-03-15,ACC636265,transfer,6547.32,branch,completed
TXN0000055,2025-12-12,ACC843215,withdrawal,3822.7,online,completed
TXN0000056,2026-05-04,ACC173372,withdrawal,5464.91,mobile,completed
TXN0000057,2024-10-19,ACC414910,deposit,10797.01,phone,completed
TXN0000058,2026-01-25,ACC681343,fee,52.59,atm,completed
TXN0000059,2026-06-14,ACC745414,fee,67.81,phone,completed
TXN0000060,2025-03-05,ACC320392,deposit,4559.86,online,completed
TXN0000061,2025-08-12,ACC563638,transfer,6976.16,atm,completed
TXN0000062,2025-03-12,ACC397571,withdrawal,9883.61,phone,completed
TXN0000063,2025-12-14,ACC887625,transfer,1403.07,atm,completed
TXN0000064,2025-05-28,ACC254511,withdrawal,12098.93,branch,completed
TXN0000065,2025-03-25,ACC577538,fee,57.87,online,pending
TXN0000066,2025-05-23,ACC502630,withdrawal,10775.89,online,completed
TXN0000067,2026-01-07,ACC105814,withdrawal,9841.73,branch,completed
TXN0000068,2025-03-01,ACC829716,withdrawal,2640.36,phone,completed
TXN0000069,2025-09-18,ACC227253,withdrawal,13762.26,online,completed
TXN0000070,2024-10-21,ACC724377,fee,74.1,mobile,failed
TXN0000071,2024-12-11,ACC629298,fee,54.23,online,completed
TXN0000072,2025-06-06,ACC597732,fee,56.03,online,completed
TXN0000073,2025-12-13,ACC390782,withdrawal,12598.34,phone,completed
TXN0000074,2026-07-15,ACC181247,withdrawal,4120.78,mobile,completed
TXN0000075,2025-05-05,ACC666390,transfer,4797.34,branch,completed
TXN0000076,2025-12-23,ACC260227,withdrawal,5747.07,atm,completed
TXN0000077,2026-02-16,ACC165290,fee,35.48,atm,completed
TXN0000078,2026-06-16,ACC829308,fee,44.22,branch,pending
TXN0000079,2024-11-27,ACC413118,fee,70.76,online,pending
TXN0000080,2025-11-05,ACC938722,fee,55.36,phone,pending
TXN0000081,2025-09-30,ACC130434,fee,33.25,online,completed
TXN0000082,2025-03-05,ACC233827,fee,63.2,phone,completed
TXN0000083,2025-05-26,ACC188025,fee,50.06,online,completed
TXN0000084,2025-09-13,ACC443254,fee,20.25,atm,completed
TXN0000085,2026-04-23,ACC497542,transfer,11419.04,mobile,completed
TXN0000086,2024-07-15,ACC120324,fee,7.06,phone,completed
TXN0000087,2025-03-08,ACC171951,transfer,3365.27,branch,completed
TXN0000088,2025-02-22,ACC121369,withdrawal,2992.41,phone,completed
TXN0000089,2024-12-25,ACC219946,withdrawal,7104.73,phone,failed
TXN0000090,2025-06-13,ACC275939,fee,57.75,phone,completed
TXN0000091,2026-03-17,ACC271720,deposit,11667.43,mobile,completed
TXN0000092,2025-10-08,ACC703766,deposit,13933.49,online,completed
TXN0000093,2025-10-29,ACC824161,withdrawal,1142.26,atm,completed
TXN0000094,2025-12-05,ACC729577,transfer,12754.77,branch,completed
TXN0000095,2025-03-22,ACC549186,deposit,5209.69,mobile,completed
TXN0000096,2025-07-11,ACC540463,transfer,192.25,online,completed
TXN0000097,2025-06-23,ACC968962,transfer,9534.69,online,completed
TXN0000098,2025-06-23,ACC782054,fee,39.61,mobile,completed
TXN0000099,2025-12-21,ACC721254,fee,62.1,mobile,completed
TXN0000100,2024-12-27,ACC190872,withdrawal,12461.39,mobile,pending
TXN0000101,2025-08-16,ACC697530,withdrawal,11257.77,phone,completed
TXN0000102,2025-07-17,ACC992288,transfer,432.93,mobile,completed
TXN0000103,2026-03-23,ACC370902,withdrawal,5323.99,mobile,completed
TXN0000104,2026-06-14,ACC641722,transfer,8337.98,atm,completed
TXN0000105,2026-03-25,ACC824156,fee,57.1,online,completed
TXN0000106,2026-02-06,ACC408528,fee,2.28,atm,completed
TXN0000107,2024-11-23,ACC709805,withdrawal,4594.82,mobile,completed
TXN0000108,2025-12-08,ACC882169,transfer,6383.99,phone,completed
TXN0000109,2024-09-18,ACC226516,fee,19.6,atm,completed
TXN0000110,2025-02-20,ACC874483,withdrawal,2875.14,online,completed
TXN0000111,2025-08-19,ACC973074,transfer,14707.71,atm,completed
TXN0000112,2025-12-12,ACC114835,transfer,2693.67,phone,completed
TXN0000113,2025-11-18,ACC680238,deposit,14614.49,mobile,completed
TXN0000114,2025-11-07,ACC889359,withdrawal,9568.95,online,completed
TXN0000115,2025-04-01,ACC592198,deposit,8612.03,online,completed
TXN0000116,2024-09-25,ACC364742,withdrawal,14482.55,online,completed
TXN0000117,2026-04-11,ACC177680,deposit,6012.11,phone,completed
TXN0000118,2026-02-18,ACC950544,deposit,2278.03,phone,failed
TXN0000119,2025-01-13,ACC224205,deposit,14908.79,phone,completed
TXN0000120,2025-12-19,ACC498855,withdrawal,11635.96,online,pending
TXN0000121,2025-03-13,ACC549660,transfer,12902.85,mobile,completed
TXN0000122,2025-01-05,ACC876039,deposit,9145.44,branch,failed
TXN0000123,2026-04-02,ACC377501,withdrawal,9383.66,branch,completed
TXN0000124,2024-12-16,ACC264136,withdrawal,8281.0,branch,completed
TXN0000125,2024-11-06,ACC841296,fee,18.13,mobile,completed
TXN0000126,2024-08-02,ACC377405,fee,18.27,phone,completed
TXN0000127,2024-08-19,ACC671015,withdrawal,6378.52,atm,completed
TXN0000128,2025-01-21,ACC174878,transfer,12399.9,branch,completed
TXN0000129,2025-07-19,ACC964278,transfer,8926.67,phone,failed
TXN0000130,2025-11-01,ACC833723,fee,51.96,online,failed
TXN0000131,2026-05-06,ACC553014,fee,45.25,mobile,completed
TXN0000132,2026-03-03,ACC807053,deposit,1372.17,phone,completed
TXN0000133,2024-09-09,ACC804938,deposit,14993.59,mobile,completed
TXN0000134,2025-07-03,ACC783157,withdrawal,7058.84,online,pending
TXN0000135,2025-06-01,ACC557058,withdrawal,14954.19,online,failed
TXN0000136,2026-06-03,ACC802685,fee,25.66,branch,pending
TXN0000137,2025-11-16,ACC619536,transfer,6176.15,mobile,completed
TXN0000138,2025-10-05,ACC576919,fee,41.71,branch,completed
TXN0000139,2024-12-13,ACC910075,transfer,1741.03,online,pending
TXN0000140,2026-01-23,ACC668950,deposit,9865.76,online,completed
TXN0000141,2026-01-06,ACC752878,withdrawal,7777.79,online,completed
TXN0000142,2025-05-09,ACC675898,deposit,3055.36,atm,failed
TXN0000143,2025-08-02,ACC130271,fee,36.87,phone,completed
TXN0000144,2025-05-21,ACC114338,withdrawal,4662.98,phone,completed
TXN0000145,2025-01-20,ACC218972,withdrawal,14883.88,online,failed
TXN0000146,2024-11-06,ACC851413,withdrawal,7476.89,mobile,completed
TXN0000147,2025-12-06,ACC605937,transfer,6233.82,online,completed
TXN0000148,2025-12-31,ACC728492,withdrawal,5755.33,phone,completed
TXN0000149,2024-07-19,ACC389666,withdrawal,12960.74,online,completed
TXN0000150,2026-06-08,ACC396578,transfer,12308.69,mobile,completed
TXN0000151,2026-02-18,ACC607868,fee,34.04,mobile,completed
TXN0000152,2026-05-14,ACC297816,fee,24.81,atm,completed
TXN0000153,2026-03-05,ACC530728,withdrawal,12840.55,branch,completed
TXN0000154,2026-06-02,ACC504832,fee,61.04,atm,completed
TXN0000155,2024-10-05,ACC718849,deposit,1895.88,mobile,pending
TXN0000156,2026-03-11,ACC116093,fee,68.37,atm,completed
TXN0000157,2025-06-10,ACC919488,withdrawal,1124.74,mobile,completed
TXN0000158,2024-12-31,ACC993744,fee,64.03,phone,completed
TXN0000159,2024-11-28,ACC896290,transfer,9402.92,online,pending
TXN0000160,2026-03-31,ACC346174,deposit,9262.85,mobile,reversed
TXN0000161,2026-01-06,ACC203225,deposit,6510.99,branch,completed
TXN0000162,2025-08-21,ACC148225,transfer,13551.6,mobile,completed
TXN0000163,2025-07-10,ACC551607,transfer,5378.55,atm,completed
TXN0000164,2024-08-23,ACC278240,fee,59.65,atm,completed
TXN0000165,2025-09-20,ACC711484,fee,18.82,atm,completed
TXN0000166,2025-01-24,ACC799233,transfer,6894.91,branch,pending
TXN0000167,2026-06-27,ACC265649,fee,51.14,branch,completed
TXN0000168,2026-05-04,ACC413685,transfer,14814.81,online,completed
TXN0000169,2024-10-17,ACC503380,fee,15.74,online,completed
TXN0000170,2025-07-04,ACC833247,fee,43.54,mobile,completed
TXN0000171,2024-10-26,ACC819112,fee,42.88,branch,pending
TXN0000172,2026-03-29,ACC913423,fee,67.82,atm,completed
TXN0000173,2025-07-10,ACC299367,transfer,3287.02,phone,completed
TXN0000174,2025-12-15,ACC757937,withdrawal,9424.65,branch,completed
TXN0000175,2025-08-31,ACC237795,fee,28.0,branch,pending
TXN0000176,2025-09-22,ACC284171,transfer,11212.84,atm,completed
TXN0000177,2025-10-20,ACC385765,transfer,7963.96,atm,completed
TXN0000178,2025-03-18,ACC455168,fee,22.84,branch,completed
TXN0000179,2026-02-21,ACC336574,deposit,2113.5,online,failed
TXN0000180,2026-06-07,ACC513741,transfer,1356.82,branch,completed
TXN0000181,2025-06-23,ACC805511,deposit,6823.15,mobile,completed
TXN0000182,2025-11-02,ACC345180,transfer,1627.42,online,completed
TXN0000183,2026-04-09,ACC332120,transfer,13729.05,branch,completed
TXN0000184,2026-01-24,ACC528129,fee,23.36,branch,completed
TXN0000185,2026-06-07,ACC616554,deposit,4567.21,branch,completed
TXN0000186,2025-08-11,ACC489033,withdrawal,5831.22,phone,completed
TXN0000187,2025-06-11,ACC786735,withdrawal,13281.49,branch,completed
TXN0000188,2026-04-21,ACC823811,fee,21.7,mobile,completed
TXN0000189,2026-06-19,ACC204180,fee,64.3,mobile,completed
TXN0000190,2025-09-13,ACC389282,transfer,910.6,atm,failed
TXN0000191,2025-06-26,ACC770556,fee,16.7,phone,reversed
TXN0000192,2026-06-11,ACC355400,deposit,11802.45,atm,completed
TXN0000193,2024-11-15,ACC902325,withdrawal,1031.48,phone,completed
TXN0000194,2026-02-12,ACC344316,withdrawal,12196.26,mobile,completed
TXN0000195,2026-05-15,ACC251716,deposit,4160.93,atm,completed
TXN0000196,2025-07-18,ACC127032,withdrawal,1651.12,atm,completed
TXN0000197,2025-06-29,ACC116547,withdrawal,8833.82,atm,completed
TXN0000198,2025-02-01,ACC651640,withdrawal,11126.42,branch,completed
TXN0000199,2026-02-18,ACC722503,fee,27.79,branch,completed
TXN0000200,2025-01-23,ACC145471,withdrawal,14181.37,phone,completed
TXN0000201,2026-04-28,ACC602248,deposit,914.73,online,completed
TXN0000202,2025-11-22,ACC565108,deposit,7355.31,branch,pending
TXN0000203,2025-02-15,ACC168872,transfer,9125.44,atm,completed
TXN0000204,2026-03-01,ACC726410,transfer,5715.11,phone,completed
TXN0000205,2026-03-11,ACC994217,fee,52.93,phone,completed
TXN0000206,2025-08-23,ACC339592,withdrawal,6452.47,online,completed
TXN0000207,2025-07-26,ACC427730,fee,54.99,online,completed
TXN0000208,2025-11-13,ACC260053,transfer,5616.08,online,completed
TXN0000209,2025-01-16,ACC201255,deposit,1400.72,mobile,completed
TXN0000210,2025-02-13,ACC688866,deposit,8798.01,phone,completed
TXN0000211,2025-06-21,ACC797660,deposit,6163.6,online,pending
TXN0000212,2024-09-13,ACC729575,deposit,14526.06,mobile,completed
TXN0000213,2026-01-20,ACC605612,withdrawal,2323.07,atm,completed
TXN0000214,2025-02-21,ACC485415,transfer,12680.99,branch,completed
TXN0000215,2025-01-13,ACC986209,withdrawal,12108.8,phone,reversed
TXN0000216,2025-02-11,ACC789786,deposit,9135.9,mobile,completed
TXN0000217,2025-04-01,ACC423993,transfer,10541.22,mobile,completed
TXN0000218,2025-03-20,ACC693830,withdrawal,13048.27,online,completed
TXN0000219,2026-06-08,ACC656251,deposit,1378.64,atm,completed
TXN0000220,2025-09-07,ACC856648,fee,28.38,mobile,completed
TXN0000221,2024-09-15,ACC263137,deposit,13250.42,atm,completed
TXN0000222,2024-10-30,ACC385320,deposit,10110.35,online,completed
TXN0000223,2024-11-09,ACC326040,fee,31.65,phone,completed
TXN0000224,2025-01-10,ACC721946,fee,51.19,online,completed
TXN0000225,2025-05-08,ACC514463,transfer,683.65,phone,completed
TXN0000226,2026-01-05,ACC321494,withdrawal,4523.04,atm,completed
TXN0000227,2024-11-10,ACC108105,transfer,4923.52,online,completed
TXN0000228,2026-01-14,ACC658453,withdrawal,1939.96,atm,completed
TXN0000229,2024-12-28,ACC878086,transfer,1083.45,branch,completed
TXN0000230,2024-09-02,ACC703727,fee,64.8,online,completed
TXN0000231,2025-06-02,ACC440544,fee,30.97,atm,completed
TXN0000232,2025-05-27,ACC192410,fee,69.06,online,completed
TXN0000233,2025-03-29,ACC519902,withdrawal,6536.56,phone,completed
TXN0000234,2025-09-09,ACC332335,transfer,11187.71,mobile,completed
TXN0000235,2025-07-11,ACC219565,deposit,7658.47,phone,completed
TXN0000236,2025-06-02,ACC958729,transfer,5268.12,atm,completed
TXN0000237,2024-09-01,ACC281926,withdrawal,3841.38,phone,completed
TXN0000238,2024-12-22,ACC910389,deposit,2659.25,online,completed
TXN0000239,2026-04-22,ACC774225,fee,66.27,phone,completed
TXN0000240,2025-06-06,ACC171603,transfer,2266.48,online,completed
TXN0000241,2025-05-13,ACC720148,transfer,11945.45,branch,completed
TXN0000242,2026-06-17,ACC573866,deposit,4657.84,branch,completed
TXN0000243,2026-03-04,ACC996840,transfer,1153.27,branch,completed
TXN0000244,2025-10-11,ACC930281,fee,42.02,branch,completed
TXN0000245,2026-01-06,ACC598733,withdrawal,4824.6,phone,completed
TXN0000246,2024-07-30,ACC950360,deposit,6759.22,mobile,reversed
TXN0000247,2026-05-11,ACC280941,deposit,7569.47,branch,completed
TXN0000248,2026-05-30,ACC739427,fee,39.78,atm,completed
TXN0000249,2026-03-01,ACC912085,transfer,5812.78,mobile,completed
TXN0000250,2025-10-05,ACC778748,deposit,11838.93,mobile,completed
TXN0000251,2025-05-06,ACC505341,deposit,8370.55,mobile,completed
TXN0000252,2025-07-20,ACC711046,withdrawal,5002.1,atm,pending
TXN0000253,2024-07-19,ACC832409,transfer,14515.53,online,completed
TXN0000254,2025-04-14,ACC494976,deposit,4645.45,mobile,completed
TXN0000255,2025-03-03,ACC543973,deposit,9691.26,phone,completed
TXN0000256,2026-02-20,ACC324597,transfer,4634.72,mobile,failed
TXN0000257,2025-05-13,ACC262471,fee,75.0,branch,completed
TXN0000258,2026-05-08,ACC665990,deposit,7616.58,phone,completed
TXN0000259,2026-06-07,ACC748052,transfer,13146.2,atm,completed
TXN0000260,2026-04-25,ACC971728,withdrawal,2435.8,phone,completed
TXN0000261,2025-06-05,ACC145814,withdrawal,10818.44,online,completed
TXN0000262,2025-09-06,ACC740255,withdrawal,14543.91,mobile,completed
TXN0000263,2026-02-15,ACC947903,fee,18.7,online,pending
TXN0000264,2026-02-05,ACC698128,withdrawal,5519.19,online,completed
TXN0000265,2025-09-12,ACC627335,transfer,11672.42,phone,completed
TXN0000266,2026-03-28,ACC940181,withdrawal,12253.83,phone,completed
TXN0000267,2025-10-26,ACC603935,transfer,785.07,mobile,completed
TXN0000268,2026-06-12,ACC640970,deposit,10671.74,branch,completed
TXN0000269,2025-01-02,ACC638289,withdrawal,4093.69,atm,completed
TXN0000270,2025-07-29,ACC332823,deposit,14196.33,online,pending
TXN0000271,2025-01-01,ACC515712,deposit,6224.92,phone,completed
TXN0000272,2025-02-11,ACC129556,fee,28.74,mobile,failed
TXN0000273,2025-06-18,ACC244283,transfer,11871.23,branch,completed
TXN0000274,2025-07-27,ACC839808,fee,11.27,online,completed
TXN0000275,2024-08-06,ACC119927,deposit,13588.1,mobile,completed
TXN0000276,2025-05-13,ACC862560,withdrawal,8233.19,phone,completed
TXN0000277,2025-04-02,ACC349183,deposit,11643.15,mobile,completed
TXN0000278,2025-12-16,ACC932463,withdrawal,6298.83,phone,completed
TXN0000279,2025-12-24,ACC624108,deposit,12550.72,phone,completed
TXN0000280,2026-03-26,ACC405420,withdrawal,10778.87,online,completed
TXN0000281,2025-05-25,ACC536802,transfer,3610.36,atm,completed
TXN0000282,2026-01-28,ACC478120,deposit,7853.46,branch,failed
TXN0000283,2024-11-20,ACC592972,deposit,5858.33,branch,completed
TXN0000284,2026-04-28,ACC117031,transfer,3806.62,mobile,completed
TXN0000285,2025-07-13,ACC789023,transfer,3618.79,branch,completed
TXN0000286,2026-06-29,ACC469412,transfer,2003.31,phone,completed
TXN0000287,2024-10-22,ACC817941,withdrawal,12456.18,online,reversed
TXN0000288,2025-11-10,ACC166165,fee,61.05,online,completed
TXN0000289,2025-09-02,ACC309159,withdrawal,659.48,branch,completed
TXN0000290,2024-08-04,ACC955015,transfer,7731.97,phone,completed
TXN0000291,2026-06-19,ACC300386,deposit,11299.98,mobile,completed
TXN0000292,2025-05-17,ACC448048,deposit,12987.31,mobile,completed
TXN0000293,2025-10-17,ACC519453,transfer,6555.68,online,pending
TXN0000294,2025-09-26,ACC825686,fee,14.82,online,completed
TXN0000295,2025-12-11,ACC862400,transfer,12017.72,online,completed
TXN0000296,2024-08-05,ACC436814,withdrawal,8183.25,branch,completed
TXN0000297,2024-09-18,ACC731894,transfer,4599.17,online,completed
TXN0000298,2025-11-26,ACC469685,fee,4.13,phone,reversed
TXN0000299,2025-06-12,ACC929924,transfer,9592.94,branch,completed
TXN0000300,2024-10-28,ACC812413,fee,60.28,atm,failed
TXN0000301,2026-05-19,ACC811027,withdrawal,12730.42,online,completed
TXN0000302,2025-07-08,ACC776502,deposit,3541.84,mobile,completed
TXN0000303,2024-12-03,ACC812048,deposit,9077.41,online,failed
TXN0000304,2024-08-23,ACC180620,transfer,6660.48,phone,completed
TXN0000305,2025-02-02,ACC781113,transfer,5972.02,mobile,completed
TXN0000306,2025-05-05,ACC295085,deposit,391.14,online,completed
TXN0000307,2025-03-26,ACC372933,deposit,3928.5,online,completed
TXN0000308,2024-12-26,ACC615060,transfer,10410.47,atm,completed
TXN0000309,2025-07-03,ACC848022,deposit,6782.01,online,reversed
TXN0000310,2025-03-25,ACC844007,transfer,10018.43,branch,completed
TXN0000311,2025-04-03,ACC992717,transfer,13370.25,atm,completed
